word_name,class_name
cat,A
door,B
spring,B
light,A
pets,B
online,B
flags,A
mineral,A
realistic,A
fighter,A
minneapolis,A
egyptian,B
mining,B
parker,B
addresses,A
rabbit,B
caps,B
luggage,A
mid,A
accompanied,A
sculpture,A
walking,A
reproduce,A
bucks,A
fwd,A
runtime,A
mongolia,B
scores,B
introduces,B
tone,B
officials,A
actress,A
attitudes,A
ken,A
reid,B
events,B
accent,B
helena,B
codes,A
play,B
hard,B
reservation,A
yard,B
pantyhose,A
positions,A
netherlands,A
computing,A
gifts,A
care,B
syndrome,B
uri,A
holidays,B
blocked,A
stranger,B
reed,B
plan,B
obtaining,A
intermediate,B
surprise,B
husband,A
coated,B
opposite,B
red,A
guatemala,A
graphics,B
uses,B
occasion,B
adjacent,B
factory,A
logitech,B
relationship,B
automotive,B
matched,A
shortly,A
policy,B
pit,A
frank,A
pursuant,B
early,A
episode,A
ob,B
bidding,A
analysts,B
confirmation,B
moms,B
candy,A
communications,B
colin,A
prot,B
phase,A
hints,A
attitude,B
seeker,B
jun,A
privilege,A
chart,A
whale,A
arrow,A
somewhere,A
batman,B
warriors,B
automatically,A
compete,A
wishes,B
faced,A
galaxy,B
bone,B
manchester,B
watershed,A
ciao,B
hs,B
citation,B
larger,B
dos,A
mark,B
investing,A
difficulty,B
orchestra,A
cg,B
minority,B
fruits,B
conservative,B
iso,A
ta,B
las,A
caring,B
abstracts,A
columbia,B
race,B
char,B
chancellor,B
theater,A
wish,B
politicians,A
direction,A
breaks,B
hour,B
council,A
nova,B
meet,B
signs,A
matthew,A
sleeps,B
norwegian,A
pgp,A
buddy,A
zshops,B
implemented,A
jennifer,B
tall,B
ascii,A
via,A
myers,A
artistic,B
combine,A
treaty,B
core,B
tumor,A
staying,A
male,B
expression,B
wider,A
vbulletin,A
azerbaijan,B
cheers,B
leaders,A
oldest,B
street,B
planned,A
colony,B
josh,B
reporters,A
contests,B
ebooks,B
investigated,B
dress,A
matrix,B
fare,B
phenomenon,B
executed,B
lane,B
allow,A
applying,B
debian,B
seasonal,B
warm,B
faculty,A
suitable,B
calculators,A
stomach,A
hamilton,B
outsourcing,A
independent,A
commissioners,A
macedonia,A
mile,B
fleece,B
desert,B
intimate,B
prozac,B
expenses,B
injuries,B
serving,A
terrain,A
barry,A
day,A
ham,A
institutional,A
dan,A
removed,A
disks,A
cole,B
dx,B
chile,A
drinking,B
dependence,B
violent,A
thee,B
eve,A
layers,B
observation,A
through,A
highlight,A
receiving,A
entertaining,B
sounds,B
dual,B
reynolds,B
seniors,A
bundle,B
power,A
awarded,A
query,A
organize,B
recipe,B
component,A
cent,B
investigation,A
boundaries,B
ddr,A
gains,A
nearest,A
along,A
finding,A
insulation,B
fireplace,A
typing,B
lighter,A
minus,A
draft,A
commands,B
bids,B
enrolled,B
calm,B
amp,A
broader,A
tigers,B
contest,A
ur,B
unlock,B
animal,B
section,A
keyword,A
contents,B
striking,B
publications,B
performer,A
singles,A
friendly,B
archived,B
proposition,A
tattoo,B
basis,A
a,A
tft,A
across,B
rich,B
adoption,B
monaco,B
scholarship,A
assured,A
sie,A
congress,B
gi,B
peaceful,B
watched,A
fitted,B
dee,A
declare,A
ending,B
expect,B
pal,A
younger,A
hose,B
signatures,B
got,A
combo,A
cohen,A
nested,B
anime,A
tu,B
barriers,B
provinces,A
ooo,A
parenting,A
operates,B
thank,A
attraction,B
enable,B
mae,A
discussion,B
engaged,A
spain,A
forms,A
america,A
ty,B
switch,B
drew,B
analytical,B
corpus,B
clinic,B
certainly,A
tomorrow,B
chicken,A
do,B
regulations,A
guinea,B
geography,A
pull,B
filme,A
credits,A
funny,A
app,A
siemens,A
pop,A
suffered,B
trunk,A
compile,A
producing,A
bobby,A
tragedy,A
interests,A
fitting,A
permitted,A
passage,A
hypothetical,B
blowing,A
morrison,B
quantum,A
suits,A
conduct,A
similar,A
collections,A
treat,A
nebraska,B
advertisements,B
currency,B
naked,A
lift,B
compound,B
cal,A
earliest,B
allen,A
grenada,A
mouse,A
bracelet,B
folder,B
nonprofit,A
duo,A
burlington,B
feof,B
pharmacies,B
corporation,A
organized,A
surgery,A
vary,B
alternatively,A
finnish,A
notice,B
boys,B
judy,B
linked,B
japan,A
shareware,A
appears,A
tutorials,A
hist,B
st,B
distributed,A
casey,A
con,A
ran,A
lunch,A
orbit,A
exhibits,B
vertical,B
samba,A
synopsis,B
snake,A
heritage,B
walter,B
infants,A
favors,B
mls,A
simon,A
baths,A
vincent,A
gorgeous,B
penn,B
brass,A
spots,A
projector,A
threats,A
function,B
dylan,A
port,B
southampton,A
generate,B
laura,A
carefully,A
dice,B
el,B
formats,A
douglas,A
variables,A
workshop,B
brain,A
shops,A
cms,A
profile,A
chassis,A
approval,B
vip,A
provincial,B
feeds,A
sitemap,A
beaches,A
least,A
spokesman,A
bacon,A
moses,A
pd,B
becomes,A
terminology,A
bath,B
di,B
rwanda,B
vi,B
quad,B
peas,B
plugin,B
newton,B
completing,B
equilibrium,A
admitted,B
likewise,B
investor,B
special,A
becoming,B
sole,B
narrow,B
existed,A
headed,B
cowboy,B
contain,A
slowly,B
pic,A
symposium,A
mate,B
honors,B
group,A
petition,B
sharon,B
believed,B
quantitative,B
routines,B
transcription,A
toilet,B
surname,A
regards,A
vacation,B
clearly,A
triumph,A
pushed,B
inappropriate,A
coalition,A
store,A
convenience,A
directories,A
whenever,B
sen,A
amount,B
separately,B
analyze,A
consolidated,B
verify,B
tract,A
frequent,B
fewer,A
likelihood,B
deny,B
classic,A
shadow,B
returned,B
reserved,B
glad,B
involve,A
serves,B
his,A
relevance,A
daniel,B
arts,B
grown,A
passwords,A
instrument,B
comparisons,A
because,A
edited,B
bool,B
infrared,B
known,A
optimize,B
tions,A
sudan,A
pg,B
consolidation,A
try,A
distribution,B
far,A
mpegs,A
exhibitions,A
outcome,A
beer,B
reputation,B
common,B
referrals,A
scottish,B
valid,A
roads,A
db,B
focusing,B
gay,A
patio,A
soap,B
stays,A
flour,A
toxic,A
suggestion,B
eagle,A
pants,A
david,A
he,B
kept,B
happen,B
testimonials,B
eleven,B
converted,A
cooler,B
brandon,A
suppose,A
input,A
legislature,A
ontario,A
nu,B
dive,B
niger,A
ward,B
clinical,B
nd,B
ton,A
lambda,B
confused,B
comfortable,A
sun,A
solomon,A
enhancement,A
villages,B
identifying,A
vitamin,A
badly,A
temperatures,B
salary,B
billion,A
loops,A
arms,B
saints,B
miles,A
closing,A
studio,B
acting,B
regarding,A
preferred,A
defensive,A
spoke,A
derby,A
leslie,B
christ,B
pour,B
tv,B
regulation,B
specializing,B
royalty,A
fy,B
pn,B
cartridge,A
metallic,B
antibodies,B
christianity,B
silk,B
ties,B
interpreted,A
alaska,B
son,A
postposted,B
geo,A
tel,A
titanium,B
adams,A
religions,A
participant,A
ringtone,B
blessed,A
interference,B
bbc,A
empire,B
pj,B
alexander,A
applied,A
jerusalem,A
acute,A
culture,A
proposals,A
undertake,A
prices,B
elegant,A
teen,B
steam,A
cyprus,B
legacy,B
dr,B
legs,B
understand,B
message,A
read,B
dec,A
britannica,B
gives,A
gig,A
guitars,A
abs,A
hip,A
searching,A
scene,A
functioning,A
transmission,B
essay,A
interventions,A
neighbors,A
bloggers,B
pack,B
remarks,A
roommate,B
jaguar,B
emphasis,B
defects,A
interest,B
routes,B
mechanism,A
obtain,B
aquatic,A
partition,A
era,A
cross,A
t,A
tracker,A
hoped,A
logical,A
blade,A
press,A
pk,B
retailers,A
alert,A
extreme,A
atlas,A
usps,B
translations,B
extended,B
entering,B
given,A
seconds,A
theory,B
governing,A
let,A
selection,A
zealand,A
increasing,B
stations,B
lot,A
yale,B
enhance,A
perfectly,A
production,B
started,A
plaintiff,A
mu,B
correlation,A
represented,A
hoping,B
gary,B
jade,B
omaha,A
agencies,B
hospitals,A
joining,A
difficult,A
offering,B
increases,A
module,B
statewide,A
vat,A
gale,B
ensuring,B
op,B
lindsay,A
enterprises,A
bosnia,B
instance,B
rep,A
columnists,B
harris,B
honor,A
fancy,A
english,A
roy,A
russell,A
transform,A
appropriate,A
hdtv,B
shelter,A
chase,A
edition,A
guam,B
diego,A
been,B
appeal,B
nor,A
jpg,A
dealer,B
maps,B
uniprotkb,A
corner,B
devices,A
december,B
screening,A
idaho,A
bedford,A
stevens,A
luxury,B
figured,A
peninsula,A
huntington,B
contained,A
dressing,B
merge,A
salon,A
prints,B
volumes,A
anymore,A
truck,A
supports,B
vietnamese,B
ribbon,B
contrary,B
more,B
trustees,B
durham,B
const,A
liabilities,A
racing,B
publication,A
leader,B
propecia,B
trace,A
soldier,A
kennedy,A
residence,A
vs,B
exit,B
downloadable,B
harvey,B
debug,A
stayed,B
february,B
matt,B
disagree,B
arrived,A
compare,A
abilities,A
soma,B
engaging,B
losing,B
genetic,A
feels,A
dominican,A
prev,B
keywords,B
turn,B
hiking,B
bible,A
zen,A
boost,A
sara,B
gray,B
helicopter,B
agreed,B
from,B
escorts,A
bunny,A
orange,B
te,B
holders,A
beijing,A
jefferson,A
landscape,A
russia,B
bi,B
river,A
happened,B
evans,A
threads,A
ru,B
beneficial,B
cams,B
short,A
grass,A
jesse,A
requiring,A
icq,A
television,B
lover,A
imports,A
wages,A
gif,A
longitude,A
banned,B
journalist,B
liverpool,A
continental,A
vanilla,A
sr,B
knowing,A
manufactured,B
instances,A
teacher,A
expectations,B
reduces,A
three,A
turning,A
suited,B
appeared,B
minister,B
pan,A
meetup,B
d,A
decide,B
cuisine,A
cj,B
operated,B
compiled,B
firewall,B
alloy,A
recommendations,A
freelance,A
plastics,B
bought,B
playback,B
strings,A
lap,A
panel,A
feedback,B
modified,B
fail,B
fl,B
dead,B
fundamentals,B
greek,A
gardens,A
saying,B
barcelona,A
updates,A
bound,A
desperate,A
llc,A
bridge,B
expressed,A
vids,B
slovenia,B
choose,B
gauge,A
bedding,A
consumer,B
workforce,A
vancouver,A
proceeding,B
terrace,A
decided,A
punk,B
galleries,A
diary,A
anxiety,A
kyle,B
enclosure,A
voip,B
beverages,A
ide,A
abortion,B
puts,B
changing,B
dollars,A
enough,B
needed,B
auto,B
protein,A
notify,B
cedar,A
nerve,A
trainer,A
taking,B
want,B
garage,B
sheriff,A
compiler,B
spa,A
harley,B
lyric,A
without,A
vessel,B
configuring,A
various,A
cooper,B
bankruptcy,B
iii,A
contemporary,B
queries,A
oscar,A
ball,B
ng,B
biological,B
generating,B
avi,A
coordinator,A
ralph,A
dolls,A
poker,A
res,A
cardiff,A
succeed,A
role,B
religious,A
congressional,A
apparel,A
solo,B
mm,B
holdings,B
tennessee,A
bugs,B
maui,B
encountered,A
airline,A
quick,A
amd,A
hey,A
requirements,B
urw,A
periodic,B
examples,B
dp,B
ups,A
assurance,A
imported,B
organic,A
current,A
pe,B
inspiration,A
cutting,A
resolve,A
manual,B
with,B
supervisors,A
florists,B
kruger,B
lung,B
rid,A
screw,A
rural,A
hobbies,A
pumps,A
journalism,B
enquiry,A
gossip,B
lite,B
im,B
owner,A
limit,A
stuffed,A
fortune,A
birmingham,B
totals,B
operations,B
farms,A
publish,A
suspension,B
picture,A
var,A
prisoner,B
differ,B
detector,B
adjustments,A
nascar,B
pete,B
fine,B
hide,B
contractors,A
forbes,B
clone,A
nickname,B
merely,B
inherited,A
blow,B
greene,B
apparent,B
textbook,B
grew,B
temple,B
installation,B
individually,B
designation,A
chief,A
priced,B
mailman,A
peterson,B
loop,B
stand,A
extensions,B
shared,B
lives,A
seo,A
garcia,B
match,A
register,B
sanyo,A
outreach,B
logistics,A
tolerance,A
appendix,B
test,B
modes,A
chronicle,A
naughty,A
terrorists,B
excess,B
senate,B
puerto,B
relationships,A
inflation,A
simply,B
examining,A
gs,B
hair,B
follow,B
attorney,B
fuel,B
leads,A
develops,B
carter,B
import,B
adventures,B
failed,B
demonstrate,A
solely,B
perception,B
in,B
entity,B
ourselves,A
carol,A
transexuales,B
moderator,A
exist,A
among,A
geneva,B
improved,B
baptist,A
closed,B
invoice,A
piece,A
discuss,A
tba,A
crop,B
projected,A
bet,A
docs,B
sealed,B
product,A
donated,A
guarantees,B
blog,B
hits,B
district,B
opt,A
rescue,B
placed,B
chains,B
witch,A
nike,B
programme,A
joy,A
thousand,B
shaft,A
clean,A
buttons,A
integrate,A
align,A
markers,A
multimedia,B
rocks,A
tool,B
folding,A
washing,A
console,A
drums,A
appropriations,B
attacks,A
agency,B
mexico,B
median,B
away,B
tomatoes,B
acknowledged,B
mrs,A
cleared,A
fairfield,A
cherry,B
concentrate,A
paste,A
trance,B
smart,A
yr,B
oak,A
manufacturers,A
sleeping,B
peer,B
lasting,A
aggressive,B
nervous,A
world,A
modular,A
quantities,B
botswana,B
nickel,B
nirvana,A
multi,A
vietnam,A
images,B
antigua,A
token,A
avatar,B
landscapes,B
employers,A
premiere,B
technologies,B
interfaces,B
importance,B
dogs,B
implies,A
tracked,A
intellectual,B
worst,A
anywhere,B
church,B
presence,B
honey,A
hosts,A
mobile,B
instead,A
denver,B
checklist,A
maker,A
bios,B
violin,B
five,B
trader,B
atm,A
sample,B
reduce,B
little,B
promotions,B
exclude,A
electrical,B
wordpress,A
lamp,B
kid,A
rev,A
explain,A
perhaps,A
possibilities,A
sustainable,A
compliant,A
g,A
verse,A
relying,A
leading,A
ready,A
alfred,B
goods,A
shipping,B
surrey,B
so,B
jury,B
aids,B
ibm,A
intel,A
possibly,B
danish,B
said,B
regional,B
welfare,A
method,B
syria,A
cheaper,A
ears,B
never,A
viral,A
highway,A
convenient,B
discounted,B
jones,A
improving,A
relation,B
mandatory,A
governance,B
deaths,B
advertisers,A
ge,B
investigator,B
all,A
establishing,B
affected,B
berlin,B
camping,A
stephanie,A
trials,B
eos,A
vacancies,A
output,B
happiness,A
seventh,A
treasury,B
radio,A
defeat,B
fred,B
sailing,A
tear,B
integrating,A
robertson,A
hughes,B
pr,B
appointment,A
lanka,A
comparison,B
vector,B
cigarette,A
wheat,A
strongly,B
disk,B
cargo,A
permit,B
spent,A
coming,B
istanbul,B
forbidden,A
naturally,A
appointments,B
execute,A
help,B
whilst,B
arch,B
barrel,B
lines,A
exploration,A
shall,A
camp,B
season,B
generators,B
utility,A
lived,A
optimal,A
syntax,B
mailing,A
ensure,B
visible,A
low,A
establish,A
appeals,A
salad,A
mixed,A
nutten,B
curious,A
owned,A
impact,B
sea,A
description,A
coordinate,B
liechtenstein,A
railroad,B
unlikely,B
tcp,A
substance,A
basin,A
desirable,A
obviously,A
sixth,A
living,B
tamil,A
kissing,A
prostores,A
internationally,A
sas,A
permanent,A
morris,B
ultram,B
wet,A
honduras,B
establishment,A
unauthorized,B
chaos,A
notices,A
cause,A
electronic,B
visitor,A
together,B
study,A
meyer,A
closely,A
aim,A
rope,B
roommates,A
webpage,A
minnesota,A
strategies,B
track,A
boots,A
tar,A
clara,A
prospect,B
soup,B
utilities,A
sell,B
tsunami,A
phpbb,A
single,B
colombia,B
listening,A
modeling,B
liberia,A
bands,A
crowd,A
romania,A
photoshop,A
wx,B
ghost,A
camel,A
motorcycles,A
words,A
layout,B
highest,A
hanging,A
junk,B
crafts,B
know,B
score,A
chair,A
grant,A
moreover,B
better,B
remark,B
mix,A
balanced,B
dayton,B
subsequently,B
destinations,B
unfortunately,A
joe,A
stockholm,A
counseling,B
treasurer,A
nba,A
essence,A
m,A
profession,B
album,A
increasingly,B
rob,A
need,B
drives,B
concerns,B
asn,A
foo,A
targeted,B
birthday,B
samuel,B
beef,B
maiden,B
lodge,A
lcd,A
numbers,A
locale,B
city,B
come,B
mt,B
retirement,B
fragrances,B
rush,B
deposits,B
reminder,B
protocol,B
avoid,A
hormone,A
telecom,A
gardening,A
induced,A
correction,B
banners,A
blood,A
tickets,A
clinton,A
og,B
alpine,B
participants,B
convention,B
dem,A
dallas,B
reveals,A
contacts,B
static,B
hp,B
sbjct,A
series,B
monroe,B
reset,A
cheat,A
starting,B
financial,A
sign,B
ya,B
installing,B
sox,A
brussels,B
annex,A
asian,A
besides,A
declined,B
goto,B
performances,B
bird,B
iv,B
solar,A
xbox,B
angela,B
rd,B
lifetime,B
ea,B
cia,A
configurations,B
spider,B
therapy,A
inner,A
weights,A
anyway,B
banana,B
ist,A
monitoring,B
dans,B
exclusively,A
anderson,B
fraser,B
documentary,A
break,A
officer,A
bra,A
economic,B
critics,A
valuable,B
italiano,B
proceed,A
cornell,A
restaurant,B
cop,A
ppm,A
manager,A
density,A
disclaimers,A
occurred,B
explosion,A
kodak,A
perth,A
confident,A
xp,B
edit,B
force,A
criterion,A
navigate,B
entitled,B
making,B
iceland,A
guestbook,A
costume,A
investigations,B
max,A
lil,A
appreciated,A
musicians,A
magnitude,A
elder,A
vegas,A
luxembourg,B
ftp,A
specs,A
wake,B
len,A
montgomery,B
birth,A
ice,A
toner,A
value,A
collect,A
boxing,B
trademarks,B
pendant,A
negotiation,A
indianapolis,B
supplied,B
viruses,A
future,B
webmaster,A
forge,A
humidity,B
angels,B
every,A
validity,B
confidential,B
plans,A
cancer,B
pda,A
trans,A
statistics,B
commitment,B
starter,A
canadian,B
probe,A
lauren,B
edt,A
relax,A
techno,B
encourage,A
titten,B
promises,B
diamond,A
finder,B
encourages,B
opinion,A
just,B
mold,B
imposed,A
downloading,A
aspect,B
lightweight,A
helmet,B
dns,A
passenger,A
transition,B
above,A
pics,B
holland,A
actually,B
clear,A
reviewing,A
calls,A
lu,B
classroom,A
internal,B
something,A
pharmacy,B
shoulder,B
respondents,A
statute,A
bunch,A
identification,B
bedroom,A
origins,A
plus,B
totally,A
renew,A
sight,A
molecules,A
discussions,A
addiction,A
wondering,A
identity,B
check,A
buying,B
mods,B
ebook,A
murder,B
passed,B
definitely,B
pottery,A
bit,A
practitioners,A
reprint,A
receivers,A
endorsement,A
lf,B
sons,B
louisville,B
entered,A
fear,B
aluminum,B
afternoon,A
mouth,A
subcommittee,B
jamaica,A
haiti,A
kijiji,B
reveal,B
cm,B
superior,B
ds,B
measurement,A
moment,B
interact,B
responsible,A
emerald,A
nepal,A
thread,B
projectors,B
carroll,A
signed,B
cho,A
compression,A
dressed,A
column,B
martha,B
democrats,A
mental,B
authorized,B
order,A
outer,A
herself,A
aerial,B
chance,B
joke,B
figure,B
disorders,A
bargains,B
aurora,B
avon,B
midwest,A
adjusted,B
laden,A
deutsche,B
conditional,A
kai,A
completed,A
wicked,B
trinidad,B
monica,B
latvia,B
dip,A
varied,B
breakfast,A
butler,B
ep,B
admission,A
staffing,B
spirit,B
headline,B
planets,A
lying,A
mardi,A
artist,B
blonde,B
fully,A
discretion,B
are,A
mustang,A
ml,B
votes,A
pushing,A
hero,B
on,B
bank,B
sit,A
elevation,A
canada,B
weddings,B
rolled,B
speeds,B
basename,B
charger,A
eye,A
report,B
remarkable,B
canon,A
ex,B
departure,A
registrar,A
covered,A
enclosed,B
scotia,B
yen,A
thus,B
ware,B
near,B
aberdeen,B
see,A
richards,B
leg,A
effects,A
exhibition,B
inf,A
tops,B
fur,A
bikini,B
holding,A
mas,A
gcc,A
maintain,B
internship,B
scholars,B
miracle,A
substantially,A
dear,B
keen,B
suffering,A
diseases,B
supreme,A
am,B
patches,A
wiki,B
anaheim,A
captured,B
nasa,B
murphy,B
other,A
parties,A
fighting,B
youth,A
tab,A
earl,B
remote,B
relatively,B
mesh,B
academics,A
administered,B
powerseller,A
kde,A
virtually,A
cambodia,B
threatened,B
duck,B
flooring,B
speakers,B
months,B
pitch,A
rational,B
venture,A
psychiatry,B
watches,A
gays,B
elite,A
sub,A
jewellery,A
britney,A
company,A
automation,B
assumptions,A
mountain,B
author,B
techniques,B
cz,B
launch,B
pulling,A
licence,A
thinkpad,B
them,B
montana,A
bumper,B
tutorial,B
dust,B
treated,A
nights,B
configure,A
keyboard,B
knitting,B
wifi,B
surely,B
measuring,A
effort,B
pierce,B
jenny,A
letter,B
lexmark,A
numerous,B
injured,A
newark,B
departmental,B
promise,A
deliver,A
removable,A
forming,A
annotation,B
booth,A
volt,B
against,A
principles,B
hired,A
serious,A
ships,A
relatives,A
operation,A
compilation,A
carrier,A
document,B
que,A
basket,B
ni,B
deferred,B
generic,A
eight,A
migration,A
threatening,A
cool,B
congratulations,A
advances,B
title,A
vault,A
major,A
tubes,A
connectivity,B
shepherd,B
approximately,A
genealogy,A
chronic,A
pl,B
hunter,B
flashers,B
resulting,A
gateway,A
calculation,A
told,B
salvador,B
automatic,A
kills,A
boot,B
dh,B
recruitment,A
finances,B
msie,B
phillips,B
prisoners,A
filtering,A
invest,B
age,A
functional,B
binding,A
exceed,B
gravity,A
coupons,A
headlines,A
clearance,A
survivor,B
armor,A
sterling,B
arrivals,B
attract,A
article,A
represents,B
calendar,B
combat,B
pages,A
text,B
barely,B
scale,A
georgia,A
civic,A
video,A
floating,B
nm,B
frozen,B
attempted,A
involving,A
verified,B
chef,B
anna,B
br,B
pillow,B
external,B
thereby,A
wide,B
adequate,B
base,B
sans,B
instructional,A
dell,B
vitamins,B
segments,B
timer,A
secondary,A
ks,B
prime,A
configuration,A
ent,A
map,A
interface,A
books,A
ranked,B
england,A
office,B
advise,B
pose,B
vulnerable,B
alone,A
picking,A
muslims,A
literature,B
schedule,B
loves,A
bathroom,B
errors,B
interesting,A
circular,B
nominations,A
worn,B
digital,A
tr,B
art,A
cir,A
south,A
lawrence,B
scuba,A
newly,A
describes,A
fabrics,A
tapes,A
duration,B
conceptual,B
sigma,A
discusses,A
emissions,A
k,A
shore,A
foods,A
reservoir,A
scripts,A
cycling,A
toddler,A
worse,A
pty,A
johns,A
israel,B
experimental,B
exterior,B
hill,B
ranging,A
doubt,A
payments,B
lauderdale,B
fbi,A
skating,A
died,B
reef,B
failure,A
opera,A
accordance,B
fourth,B
candle,B
placement,A
centuries,A
navigator,A
elliott,A
cached,B
stocks,B
signature,A
struct,B
cups,B
marvel,B
sync,B
structures,B
ukraine,A
warcraft,B
irs,A
bailey,B
demo,B
food,B
sort,B
roof,B
finite,B
steven,B
hurricane,A
eau,A
contribution,B
wellness,B
trees,A
merchandise,A
trouble,A
shut,B
embassy,A
discounts,A
panels,B
mh,B
identified,B
saturn,B
restricted,B
choosing,B
pound,A
windows,A
designing,A
higher,B
required,B
preceding,A
redeem,B
easter,B
shades,B
laugh,A
nuts,B
benjamin,B
button,B
idea,B
muscle,B
prerequisite,B
bold,B
walls,A
philosophy,B
estates,A
detection,A
catherine,A
sk,B
principal,A
boating,A
attached,B
doe,A
saturday,B
leone,A
atomic,B
compatibility,A
n,A
consciousness,A
green,A
foto,B
graphs,B
allan,A
east,B
assault,A
wizard,B
manuals,A
companies,A
disease,A
brief,A
unsigned,B
coding,B
mary,B
badge,A
spotlight,A
harassment,B
story,A
understanding,A
broker,B
native,B
laundry,A
commodities,A
calendars,A
skype,A
threshold,A
equipped,B
bio,A
address,A
mercury,A
customer,B
vp,B
une,A
speaker,A
myrtle,B
nursery,A
negative,B
attorneys,A
shine,A
route,A
garden,B
madness,A
decreased,A
occur,A
hon,A
pam,A
cialis,B
audit,A
choices,A
effect,B
nam,A
positioning,A
disable,A
letting,A
electronics,A
reality,A
evolution,A
hu,B
synthesis,A
expires,A
temperature,A
sage,B
add,A
bloom,A
bargain,A
polyester,A
capable,A
strip,A
overall,A
cpu,A
alan,B
territory,A
marked,B
width,A
membrane,B
comments,B
almost,B
launches,B
castle,B
broad,A
households,B
medicaid,B
signals,A
mod,A
minimum,A
afford,B
struggle,B
abc,A
laser,A
computation,A
pennsylvania,B
seeks,A
cable,A
rise,B
wright,B
exec,B
implied,A
himself,A
tools,A
losses,B
smile,A
pixels,B
particle,B
jonathan,B
charleston,B
surgical,B
protocols,A
u,A
tropical,B
grad,B
pick,B
priority,B
fabulous,B
hat,A
experiencing,B
activation,B
research,B
agricultural,B
smtp,B
sc,B
indiana,A
maximum,A
lost,B
helped,B
supporting,B
epson,A
scan,B
carolina,B
inserted,B
enquiries,A
senators,B
derived,A
germany,A
union,A
hardly,B
reject,B
supervision,A
furthermore,A
independence,B
referring,A
spas,B
ambient,A
france,B
cardiac,A
guns,B
gothic,B
swaziland,A
pos,A
tide,B
printed,A
clicking,B
cluster,A
wales,A
refine,B
committee,A
replication,A
serum,A
closer,B
alumni,B
assistant,A
pizza,A
separation,B
opponents,A
reader,B
translation,A
aj,B
cells,A
nuclear,A
attack,B
fairy,A
amendment,A
platforms,A
plays,A
protest,A
spatial,A
nodes,A
recognition,A
tail,B
journal,A
scroll,B
price,A
fields,B
hardware,B
varying,A
denmark,A
capacity,B
isaac,A
employee,B
impressive,B
written,A
soccer,B
buf,A
frontier,B
material,B
caroline,B
nigeria,A
large,A
specialties,A
bridal,B
streaming,A
relative,B
winston,A
digest,B
grocery,A
triple,B
well,B
sustainability,B
visited,A
describe,B
flying,B
insurance,A
bacteria,B
ability,A
suggested,A
princess,B
accessibility,A
tracks,B
form,B
province,B
discs,A
namespace,A
medical,A
pixel,A
consoles,B
counties,B
bruce,A
gang,B
paper,A
transit,A
decor,A
faces,A
examination,A
fusion,B
cad,A
pool,B
beat,B
bug,A
controller,B
sat,A
indonesia,A
slideshow,A
failures,B
expenditures,B
hd,B
asked,A
knew,B
newspapers,B
tree,B
air,A
dies,B
moss,B
strain,B
strike,B
sci,A
worker,B
british,A
guarantee,A
justice,A
routers,A
earthquake,B
subdivision,A
treating,B
rapidly,A
ms,B
limited,A
appreciate,B
roughly,A
zimbabwe,B
formal,B
tender,B
construction,B
theatre,A
winning,A
wedding,A
craig,A
skirts,B
ahead,A
dodge,A
offices,A
not,A
census,B
craps,A
mapping,A
convergence,A
springfield,A
carrying,B
dpi,A
frame,A
participation,A
lesson,B
aa,B
realty,B
belong,B
vcr,A
oem,A
new,A
celebrate,A
partnerships,B
batteries,A
identical,A
grand,A
frederick,A
erotica,A
bean,B
informational,A
nb,B
suse,B
materials,A
self,B
username,B
night,A
adaptation,B
miscellaneous,A
holder,B
collaborative,A
neil,B
kind,B
applies,A
prepared,B
accurately,B
ours,B
receipt,A
wives,A
thereof,A
betty,A
additional,B
advance,A
camera,B
hart,B
reference,A
latinas,A
reason,B
incl,B
wires,A
schools,A
joan,B
respectively,B
drama,A
der,A
dozen,A
banking,A
merchants,A
salaries,B
girls,A
ghana,A
conversations,A
surplus,A
automobile,B
ivory,A
reductions,B
brave,A
suicide,A
novel,A
harvest,A
postcards,A
mistake,A
broadband,A
highly,B
flex,B
rows,B
packets,A
publishers,B
thorough,B
interactive,A
discount,B
evanescence,A
ben,A
thinks,B
stationery,B
pays,B
offset,B
logic,A
roman,A
coral,A
received,B
thanksgiving,B
pediatric,A
accommodations,B
annie,A
austin,B
china,A
brazilian,A
plates,B
publishing,B
donations,A
james,A
instantly,A
saint,A
exemption,A
jimmy,A
elimination,A
smell,A
pakistan,B
table,A
cook,B
follows,A
mounts,B
delegation,B
means,A
popular,A
opposition,B
consumers,A
occupied,B
latest,B
cape,B
disposition,A
walk,B
indie,A
gasoline,B
shark,A
sectors,A
examines,B
promising,A
end,A
suites,B
ts,B
london,B
angeles,A
screensavers,B
psi,A
those,A
webcams,A
garbage,A
fires,A
attach,B
trick,A
wma,A
enabled,A
meat,B
became,B
merger,B
parent,B
ecommerce,A
empty,A
drops,A
randy,A
glasses,A
calvin,B
gene,B
sleep,A
explicitly,B
disco,A
restoration,A
depend,B
dare,B
presenting,B
tech,B
getting,A
hollywood,A
reduction,A
uniform,A
cloud,A
farm,B
army,B
letters,A
molecular,A
defense,A
duke,B
training,B
dedicated,A
testing,A
hans,B
teenage,A
mac,A
divisions,A
factors,A
ak,B
missouri,B
cope,B
partner,A
efficient,A
lc,B
slightly,B
lowest,B
touched,A
ebay,B
forget,B
flux,B
balloon,A
battle,B
seats,A
filter,B
mystery,A
jake,B
leisure,A
amend,A
forests,A
acquisition,A
bridges,A
bay,A
kenny,A
rebound,A
linux,A
muscles,A
rider,A
actors,B
infection,A
gem,A
tariff,B
outlined,B
subsidiaries,B
cancellation,B
sand,B
affordable,B
tower,A
biology,A
nintendo,B
helps,A
developer,A
jason,A
carries,A
jose,B
diverse,A
aqua,B
champion,B
jp,B
assignments,A
member,B
arabia,B
asks,B
quarter,A
naturals,B
founded,A
bulletin,B
realtors,B
entirely,B
brazil,B
premium,A
bar,A
blue,B
bestsellers,A
cw,B
detective,A
reached,A
overseas,B
immediate,A
deserve,A
dont,B
father,B
connected,A
site,B
macro,A
biodiversity,B
tobacco,A
exchanges,A
strikes,A
assistance,B
rather,B
station,A
buyers,B
compute,A
custody,A
public,B
laboratories,B
cleanup,A
halo,B
active,B
consent,A
quarterly,A
did,A
drink,A
workflow,B
deviation,A
canyon,B
kirk,B
ra,B
laughing,B
built,A
residential,A
always,B
leaves,B
fx,B
suspect,A
workshops,A
grammar,A
dial,B
chess,A
lewis,A
diy,A
basement,B
texts,A
glossary,B
romantic,B
researchers,A
ambien,B
concluded,A
observe,A
mysql,A
bahrain,A
loading,A
shots,A
talked,B
heaven,B
reasoning,A
retain,B
funk,B
weekend,A
clients,A
incomplete,B
server,B
pass,B
harbor,B
zone,B
advert,B
advertise,A
tires,A
dealtime,B
blond,A
election,B
crew,B
tissue,B
creates,A
adverse,A
attending,A
ladies,B
wyoming,A
bare,B
data,B
grey,B
dna,A
handles,A
permalink,A
msn,A
accountability,B
oecd,B
phil,B
forward,A
remedies,B
gotta,A
crystal,A
featured,B
stone,A
between,A
cassette,B
readers,A
poverty,A
counts,B
twenty,B
jan,A
legal,A
container,A
annoying,B
sleeve,B
forest,B
hosted,B
dramatic,B
gmc,A
promoting,A
editing,A
lee,A
latin,A
insights,B
contacting,B
traditions,B
swiss,A
makes,A
pointer,A
ethical,A
bye,A
involves,B
heard,A
brands,B
keno,B
differently,A
hepatitis,A
psychology,B
worthy,B
questionnaire,A
jeep,B
tennis,B
daughter,B
typical,A
wallet,B
gd,B
indication,B
bill,B
markets,A
growth,B
rising,B
pharmacology,B
img,A
mesa,B
easy,B
marsh,A
pct,A
transfer,B
way,A
wed,A
organisations,A
handling,B
strengthen,B
feature,A
ferry,A
uncertainty,A
population,B
warrant,A
parliament,B
commit,B
slow,B
incentives,B
restaurants,A
payment,A
eur,A
explains,B
employ,B
hearings,B
tips,B
beach,A
satisfaction,B
costs,A
zoom,B
packing,A
newbie,B
pix,A
phones,B
revenues,B
dam,A
harm,B
puppy,A
planes,B
universal,A
transport,A
classifieds,A
disaster,B
aircraft,B
acoustic,B
milwaukee,A
needle,B
advanced,B
biographies,A
marc,B
improvements,B
incident,B
up,B
create,B
bottom,B
cultural,B
prominent,A
shield,B
phrase,B
um,B
humanities,B
boom,B
facility,B
survival,B
assignment,B
basics,B
elderly,A
precipitation,A
exams,A
oral,B
epic,B
latitude,B
neon,B
teeth,A
virginia,B
divide,B
needs,A
kick,B
argued,B
cn,B
stadium,A
done,B
rrp,A
examine,A
supported,A
jj,B
hampshire,A
jd,B
dealt,A
michelle,B
performs,B
informative,A
concrete,B
wn,B
assessment,B
held,B
catholic,B
salvation,A
addressed,A
campus,B
fund,B
marcus,B
fo,B
industrial,B
scientists,B
dawn,B
stories,A
recover,A
where,A
affairs,A
valve,A
mother,B
meetings,B
others,B
catalog,A
results,A
surveillance,B
established,A
silicon,A
properties,B
louis,A
du,B
angel,A
males,A
soft,B
paris,A
dimension,A
disorder,B
powerpoint,B
cottages,B
citations,A
windsor,A
contrast,B
pasta,A
fr,B
renaissance,A
serial,B
excluded,B
subscriber,B
kerry,A
nasty,A
tray,B
gas,A
own,A
episodes,B
prefix,B
attention,A
silence,A
objectives,B
dow,A
announcements,A
executive,A
adopted,A
sugar,A
compromise,B
knock,A
unusual,A
subscriptions,A
tuning,B
somalia,A
profits,A
introducing,A
creation,B
shaved,B
victims,A
november,B
desired,A
quantity,B
sandra,B
poster,B
tap,A
van,A
plate,A
copying,A
breast,B
aye,A
fire,B
frequently,B
status,B
pt,B
richmond,B
xanax,A
powerful,B
ii,B
cast,B
such,B
mastercard,B
spectrum,B
growing,A
gentleman,A
granted,A
cbs,A
practitioner,B
watching,B
shipment,B
periodically,B
photograph,B
bags,B
murray,B
cnet,B
untitled,B
separated,A
swap,B
pre,A
advisory,B
readily,A
ic,B
fcc,A
polar,A
therapeutic,A
educational,A
family,B
undefined,A
encouraging,A
stuart,B
earnings,B
suggestions,A
demands,A
except,B
cult,B
odds,B
complicated,A
jeff,B
bob,A
maine,A
encounter,A
kit,A
part,B
weblogs,A
programs,B
le,B
marriage,B
arrive,B
economies,A
length,B
fin,A
path,B
net,A
pharmaceutical,B
distribute,B
variations,B
values,B
speeches,B
contributed,A
astronomy,A
familiar,B
s,A
par,A
employees,A
worked,B
pmid,B
statistical,A
increase,B
rb,B
parks,A
scripting,A
routing,A
mozilla,A
result,B
voices,B
andreas,A
tongue,B
farmer,B
relates,A
affair,B
initiatives,A
synthetic,A
nylon,A
visiting,B
march,A
latino,B
donor,A
helpful,A
screenshots,A
square,B
z,A
trinity,A
oakland,A
drawing,A
finished,B
firefox,A
patricia,B
yahoo,A
northwest,A
rp,B
journalists,A
authority,A
expertise,A
reform,B
weather,A
settlement,B
toys,B
colleagues,B
conclusion,B
franchise,A
mattress,B
foundations,A
joel,B
todd,B
ul,B
dicke,A
sections,B
pretty,B
judges,B
viking,B
ct,B
william,A
assists,A
donate,B
glucose,A
competition,A
indians,A
switched,B
vt,B
organization,B
eq,B
person,B
om,B
cents,A
theta,A
bomb,B
impaired,B
cloth,A
antibody,B
newman,B
casual,B
mono,B
iraqi,A
atlantic,B
breaking,B
stack,A
dietary,A
beverly,A
searches,B
divine,B
funeral,A
train,A
upper,A
thing,A
metal,A
bingo,A
failing,A
yearly,B
liz,A
brilliant,A
re,B
gc,B
stores,B
comment,A
areas,A
barnes,B
wave,B
rv,B
delivering,B
designated,B
worldcat,B
ignore,B
floral,B
adrian,B
compaq,B
robin,A
threaded,B
ec,B
trailers,B
nancy,A
reproductive,B
accepted,B
phys,B
structural,B
ns,B
readings,B
crawford,B
join,B
surrounding,A
themselves,B
applicant,A
thong,A
antonio,A
tramadol,B
player,B
camcorders,B
trend,A
turner,B
label,A
you,A
lady,B
fallen,B
occasional,B
algeria,A
celebrities,A
bat,A
nightlife,A
disputes,B
commander,A
strong,B
hamburg,A
reception,A
tomato,B
pupils,B
panasonic,A
florist,A
characters,B
tablet,B
samsung,A
wallpaper,A
challenging,A
aw,B
yes,A
items,A
child,A
illness,A
bandwidth,A
dui,A
anytime,A
mhz,A
wireless,B
vb,B
monsters,B
problems,B
which,A
approved,B
took,B
stud,B
institutes,B
inclusive,A
shade,A
disturbed,A
thinking,B
eddie,A
handed,B
absolute,B
spray,A
testimony,A
resume,B
tom,A
charlie,A
columbus,B
musician,B
traditional,A
indexes,A
opinions,B
retrieve,B
secretariat,A
namely,B
effectiveness,A
mileage,A
similarly,A
dame,B
ieee,B
vista,A
lesser,B
choice,B
iraq,B
curtis,B
unit,B
dense,A
after,A
mistress,B
welsh,A
consisting,B
mens,B
pig,A
nuke,B
sucking,A
toshiba,A
housewares,B
customize,A
ultimately,B
total,A
portions,B
wearing,A
vision,B
passes,B
hungary,A
animation,A
brand,A
investment,B
anne,B
discrete,B
submitting,B
penetration,A
bent,B
plasma,B
counting,B
packs,A
global,B
magnificent,A
disciplines,A
exceptions,B
use,A
quotes,B
authentic,A
powder,B
sd,B
introduced,B
example,A
summit,B
collecting,B
manhattan,A
si,B
absent,B
bristol,A
morocco,A
adware,B
popularity,B
flat,B
arg,A
had,A
bid,A
searched,B
sewing,B
extremely,A
tonight,A
municipal,A
considerable,B
maybe,A
hourly,B
benefit,A
leaving,A
municipality,B
circus,B
theaters,B
drawings,B
dover,A
thoroughly,B
ch,B
eventually,B
legislative,A
donation,B
dispatch,B
standing,B
luke,B
montreal,B
education,A
hidden,B
intelligence,B
dot,A
chester,A
medication,B
preservation,B
reasonable,B
sherman,A
ipod,B
handheld,B
instruments,A
bmw,A
crm,A
conspiracy,B
system,B
clouds,B
motel,A
command,A
bahamas,A
roses,A
released,B
wiring,B
milk,B
certain,A
charity,A
pins,B
sussex,B
variance,B
hansen,B
ethernet,B
reservations,B
peripheral,B
random,B
frankfurt,A
cake,B
britain,A
decades,A
drive,A
canberra,B
saver,A
exciting,B
right,A
bring,A
knights,A
regardless,B
showing,A
af,B
hewlett,A
everyday,B
portfolio,A
differential,B
capture,A
rolls,A
accessory,A
adjustment,B
trustee,A
notifications,A
sensor,B
thumb,A
pubs,B
consultants,A
andorra,A
prostate,B
orders,B
changes,A
edmonton,B
university,B
tim,A
cards,A
fighters,B
locked,B
isa,A
elephant,B
northeast,A
jet,A
problem,A
snow,B
contracts,A
tour,B
dealers,A
index,A
approaches,B
routine,A
na,B
nathan,B
lightning,A
gun,A
nw,B
darwin,B
pike,B
have,B
grateful,B
payday,B
composer,B
lions,A
nothing,A
editors,A
mega,B
caused,B
instant,A
junction,B
upcoming,B
pavilion,B
pure,B
ind,A
garmin,B
tripadvisor,A
loan,B
storm,A
url,A
field,A
sullivan,B
sa,B
proven,B
faster,B
ordinary,B
sierra,B
since,A
nitrogen,B
collective,B
criminal,B
lets,B
knife,A
pharmaceuticals,A
printable,A
guards,B
endorsed,B
frost,A
threat,B
clubs,A
framing,A
scientist,A
valley,B
usual,A
loved,A
michael,A
joins,A
labels,B
bee,A
celebrity,A
diana,A
parameters,B
papers,B
hack,B
realm,A
represent,A
shopper,A
refuse,B
advocate,B
conflicts,A
browsers,B
sad,A
uh,B
shoe,B
satisfactory,B
edwards,A
cats,B
tiny,B
fairly,B
networks,B
displayed,A
printing,B
conservation,B
lafayette,A
raised,B
detect,B
excited,A
ala,A
f,A
brochures,A
stated,B
soundtrack,B
rr,B
brunette,B
issn,B
shakira,A
postage,A
dude,B
allows,B
moderators,B
mating,B
terror,B
same,B
ports,A
voice,A
fellow,B
assign,B
asking,B
requested,A
stripes,A
standards,A
sodium,B
support,A
mn,B
rankings,B
symphony,B
marion,B
conducted,A
gregory,A
cream,A
wants,A
carey,A
proteins,B
aruba,A
valentine,A
reducing,B
fails,A
bibliography,B
wait,B
onion,A
acne,B
naples,B
rounds,B
ranch,A
composition,A
symbols,A
boards,B
mud,A
ae,B
satisfy,A
yeast,A
softball,B
bikes,A
nation,B
extra,A
conclude,B
surgeons,B
identify,B
sponsors,B
xl,B
guide,A
oasis,A
french,B
judgment,B
deep,B
sig,A
accused,A
nj,B
detroit,A
fiscal,B
offensive,A
co,B
geological,B
legally,A
ticket,B
velvet,B
delaware,B
associate,A
tested,B
ultra,A
howto,A
nomination,B
measure,A
if,B
terminal,B
evaluating,B
cl,B
fm,B
bracket,A
guidance,B
man,A
selecting,A
bride,A
temporarily,A
heather,A
hayes,A
bw,B
determine,A
capitol,A
christina,A
massachusetts,A
macromedia,B
thailand,B
italy,A
broadcast,A
torture,A
clothing,B
duties,B
berry,A
announcement,B
psychological,A
whether,A
connector,A
portsmouth,B
hopes,A
hearts,B
rates,A
dynamic,A
champions,A
down,B
your,B
assure,B
practical,A
outline,A
sue,A
desktop,A
dist,B
pace,B
hood,B
involved,B
multiple,B
raises,B
updated,A
w,A
engineer,B
redhead,A
joseph,B
societies,A
academic,B
roller,B
inches,B
cruz,B
strategy,B
michigan,B
viewing,A
recorder,B
four,B
measures,B
staff,A
lm,B
opens,A
marilyn,A
sentence,B
flag,B
fought,B
faq,A
beyond,B
michel,B
watch,A
b,A
ministers,A
league,B
citizenship,A
minute,B
worlds,B
maintains,A
gaps,B
fee,A
del,A
desktops,B
location,B
metabolism,B
architectural,A
mom,A
writing,A
bb,B
paths,A
airlines,B
purpose,A
warned,B
thanks,B
holmes,B
solid,A
itunes,B
dry,A
successfully,B
search,B
uv,B
proportion,B
ship,B
mathematics,A
taylor,B
navy,B
hope,B
statutes,B
downloads,A
tagged,B
vessels,A
north,A
women,A
sports,B
reverse,A
tub,A
pension,A
destroyed,A
hence,A
records,A
piano,A
snowboard,A
body,B
handle,B
groove,B
oklahoma,B
motherboard,A
apollo,B
wow,A
indeed,B
invisible,A
subjective,B
wesley,B
proc,B
answer,B
southern,B
by,B
clicks,B
code,B
photographers,A
forestry,B
chain,A
rocket,B
neural,B
commons,A
shorts,B
laptop,B
hypothesis,B
upon,B
jay,A
competing,A
worried,A
pay,A
climbing,B
thunder,A
printers,B
download,B
ranges,B
referred,B
depending,A
worcester,A
venice,B
device,B
official,B
mall,B
gear,B
promote,A
genetics,B
breeds,B
buried,B
fp,B
vertex,B
sciences,B
juice,A
amber,A
karma,A
volvo,A
approach,B
cure,B
arguments,A
actual,B
sperm,A
twice,A
probably,B
alto,B
opposed,A
gotten,B
das,A
scholarships,B
gbp,A
practices,A
hitachi,A
creativity,B
mysterious,B
voters,B
sphere,B
true,B
mike,B
mirrors,A
owners,B
extends,A
understood,B
turns,A
silly,A
ef,B
aluminium,A
walt,B
oxygen,B
vocabulary,B
cs,B
catering,B
progress,B
surface,A
currencies,B
inch,B
minor,A
jeffrey,A
objective,A
hunger,B
here,B
sunset,B
abroad,B
cry,A
delta,A
returns,A
corrected,A
mills,A
womens,B
extent,B
hk,B
sacramento,B
course,B
anyone,B
increased,A
gaming,B
dod,A
memorabilia,A
gibson,B
violations,B
mag,A
broken,B
somerset,B
fetish,B
poultry,A
nicholas,B
administrative,B
experiences,A
consulting,B
log,A
theme,A
gamma,A
passing,A
spare,A
fifth,A
repairs,A
ann,A
habits,B
ideas,A
assisted,B
wound,A
charitable,B
extras,B
undo,B
rendering,A
estate,B
para,B
offered,A
bright,B
bullet,B
fountain,B
europe,B
allied,B
possible,B
medal,A
feb,A
loss,B
grants,B
canal,A
decorative,B
graphic,A
sku,A
cant,B
remove,B
palm,B
starts,B
less,B
trial,A
logos,A
swift,A
attend,B
realtor,A
foam,B
notre,A
camcorder,A
cheapest,B
brisbane,B
arc,A
tank,B
dean,B
participate,A
keep,B
activities,B
fans,B
norfolk,A
consult,A
users,A
overcome,B
alternate,A
highlighted,A
insight,A
tony,B
seeds,A
kentucky,B
ac,B
alike,A
findlaw,A
sandwich,B
maternity,A
sweden,B
thumbnails,B
fever,A
comply,B
poem,B
mirror,B
fun,A
furnishings,A
powered,A
trek,B
cvs,A
followed,B
chinese,A
addressing,B
heavy,A
wealth,B
host,B
cottage,A
discussed,A
theft,A
beam,B
stopping,B
cap,A
mind,B
scales,B
fall,B
diamonds,B
ping,B
norman,B
bodies,B
pregnant,B
falls,A
portion,A
produce,A
katie,A
blink,A
simulation,B
dirty,A
rain,B
certificates,B
twins,A
export,B
bones,A
ip,B
gourmet,A
offshore,B
helping,A
daisy,A
lenses,B
md,B
teach,A
aside,A
eg,B
arbitrary,A
mercy,A
collectors,B
textile,A
substances,B
evil,B
limousines,B
sprint,B
rm,B
cave,B
lbs,A
utah,B
stored,B
licenses,B
seem,B
lloyd,A
auction,A
yn,B
concord,A
lawn,B
rhythm,B
postal,B
administrators,B
victim,B
spencer,A
sick,B
poll,B
earning,A
affect,B
finger,B
angry,A
crack,A
putting,A
latex,A
powell,B
lan,A
sheets,B
favorites,A
tt,B
accomplish,B
resorts,A
warner,B
accomplished,B
purchases,A
assume,B
jm,B
dennis,B
friends,A
practice,B
decimal,A
answers,A
anthony,A
versus,B
scott,A
our,A
indices,A
lead,B
neighborhood,B
utc,A
jungle,B
proposal,B
slot,B
opened,B
oregon,B
genre,A
cleaning,B
gone,B
heights,A
outlook,A
answering,A
including,A
restore,A
row,A
talking,A
drawn,A
cheese,B
throughout,B
abandoned,A
virus,A
acceptance,B
plugins,A
albuquerque,A
eggs,B
destiny,A
professional,B
liberal,A
revised,A
biz,A
healing,A
conducting,B
circles,A
distinguished,A
monte,A
shapes,B
prospects,A
homepage,B
rubber,B
retro,A
intervals,A
private,A
high,B
nissan,B
rome,B
developing,B
rf,B
carb,B
efficiently,A
last,B
deviant,A
sur,A
ripe,B
grab,B
davidson,B
urgent,B
ai,B
refugees,B
border,B
trainers,B
existing,B
bermuda,A
trademark,A
melbourne,A
stanley,A
pastor,B
subtle,B
pm,B
beauty,B
games,A
dispute,A
object,B
scheduled,A
rachel,B
momentum,B
savage,B
cayman,B
trusts,B
job,A
lucky,A
schemes,A
solve,A
karen,A
islam,A
toward,B
cab,A
gsm,A
having,B
ray,A
expanding,A
gave,B
vatican,A
considerations,B
secretary,A
educated,B
lows,B
ot,B
forecast,B
po,B
handy,A
jim,A
lou,A
charles,A
modules,A
convertible,A
sunrise,A
competent,A
whose,A
scanners,B
shareholders,B
stroke,B
returning,A
eagles,B
construct,A
town,B
must,B
departments,A
referenced,B
armstrong,A
bonus,A
contacted,A
kim,A
robust,B
intersection,B
arlington,A
entire,B
acc,A
paradise,B
greenhouse,B
luis,B
un,B
crash,A
summary,A
florence,B
brooks,B
coverage,B
np,B
discover,B
essentials,B
now,A
gore,B
opening,A
mp,B
dinner,B
played,B
tourist,A
singer,B
ag,B
resulted,B
arctic,B
lace,B
genius,B
penalties,A
accompanying,B
fellowship,B
pmc,A
spice,A
foster,B
tournament,B
stress,B
hebrew,B
fixes,A
pressing,B
band,B
accordingly,A
then,B
survey,B
consist,A
grounds,A
communist,A
designer,B
revelation,B
satisfied,A
estimates,A
coaches,A
mainland,B
holds,A
bacterial,A
reproduction,B
syndicate,A
sends,A
rugby,A
js,B
call,B
brothers,B
karl,B
assessed,B
majority,B
val,A
kate,B
draw,B
belief,B
development,A
closure,A
comics,B
catalogs,B
sip,A
hereby,B
ecuador,A
wage,B
gpl,A
continuously,B
proper,B
cf,B
ls,B
save,B
weak,B
rh,B
prediction,B
bookmarks,A
rules,A
angle,A
seattle,A
republicans,A
qualification,A
quality,A
eternal,A
upgrades,B
jurisdiction,B
usgs,B
deutschland,A
urban,A
rx,B
erp,A
bd,B
difficulties,B
properly,B
receptor,B
plot,B
puzzles,A
checkout,B
asia,B
expanded,B
lexington,A
despite,A
gr,B
tion,B
pdas,B
clip,B
thursday,B
offers,B
cloudy,B
split,A
alerts,B
meters,B
mtv,A
electric,B
salmon,B
miller,B
met,A
capabilities,B
representative,B
arrangement,A
healthcare,B
questions,A
affiliated,B
cartoons,B
newspaper,A
permission,B
payroll,A
ap,B
mailed,B
question,B
freeware,B
ok,B
amanda,B
compared,B
ranks,A
nyc,A
plaza,A
lebanon,A
enjoying,B
apple,A
microsoft,A
tuition,A
ins,A
opportunities,A
buffer,B
linda,A
scoop,A
complete,B
glenn,A
reach,A
registration,B
starring,B
loose,A
main,B
nat,A
servers,A
complications,A
certificate,A
ventures,B
announced,A
time,B
banks,A
grow,B
traveler,B
utilization,A
receptors,A
pieces,B
museum,B
filling,A
vegetarian,B
deputy,B
negotiations,B
musical,A
purple,B
don,A
humanity,B
actions,A
fuzzy,A
nbc,A
rca,A
navigation,B
andrea,B
julie,A
quebec,B
forum,A
buffalo,A
associated,B
rs,B
strict,B
racks,A
hang,B
talks,A
jill,B
donald,B
rough,A
stood,A
fastest,A
demonstrates,B
pork,B
dosage,B
platform,B
building,B
receive,A
legend,B
suggesting,B
ranger,B
mistakes,B
jessica,A
safer,A
egypt,A
amazing,A
sacrifice,A
context,A
lang,B
finest,B
vsnet,A
nelson,B
final,A
dishes,B
integrity,A
colon,A
surprised,A
semi,B
smaller,A
pole,B
amino,A
like,B
liked,A
educators,A
shortcuts,A
radios,B
jvc,A
hiv,A
palestine,A
kelkoo,B
tvs,A
incorporate,A
corn,B
stuff,A
costumes,B
complex,A
phantom,A
sister,B
fruit,A
gnu,A
career,B
period,B
mention,A
retail,B
acts,B
eng,A
licensing,A
bad,A
horizon,A
published,A
yo,B
grades,B
lemon,A
influences,B
browse,B
flickr,B
interim,A
calcium,A
coins,A
lips,B
electricity,A
dvds,B
fork,B
slave,A
conviction,B
inspired,B
lookup,B
km,B
weekly,B
paraguay,B
herb,B
fisheries,A
ought,A
protect,A
bluetooth,A
resolutions,A
globe,A
li,B
transaction,A
ci,B
pci,A
republican,B
obligations,A
homes,A
valued,B
lb,B
hacker,B
chris,A
before,B
cisco,A
peripherals,A
amendments,B
fabric,B
regarded,B
tribunal,B
trash,A
potatoes,B
infrastructure,B
arise,A
la,B
scholar,A
enjoyed,A
hrs,A
weblog,B
physical,B
spin,B
fundamental,A
possession,B
textbooks,A
scenarios,A
confirmed,A
ver,A
exists,B
lobby,A
carried,A
simpson,A
us,B
audience,B
cv,B
charge,B
mask,B
web,A
aspects,A
rarely,B
photographic,B
exp,A
adipex,B
publicity,A
gift,B
overhead,B
reprints,B
und,A
appearance,B
veterinary,B
raw,A
thesis,B
briefing,B
humor,A
catch,A
harder,B
specific,B
linear,B
anticipated,A
insert,B
zip,A
ln,B
flush,A
share,A
robot,A
terrible,B
kw,B
sees,B
modems,B
messenger,A
ashley,B
interviews,B
bizarre,A
jul,A
start,A
stream,B
bell,B
invitation,B
six,A
suppliers,A
wind,B
assist,B
ratio,A
liver,A
pacific,A
ages,B
thats,A
replacement,A
resolved,B
individual,B
ment,B
commonwealth,B
thrown,B
northern,B
relate,B
dining,B
chocolate,A
continuity,B
enb,A
line,B
significance,B
space,A
diving,B
freedom,A
researcher,B
boc,A
buses,A
infant,B
broadway,B
deeper,B
ask,A
licensed,B
contact,A
charging,B
featuring,A
rica,B
motorola,B
sublime,A
sisters,A
seat,B
seafood,A
demographic,A
meets,A
regard,B
me,B
road,B
complimentary,A
conjunction,A
jets,B
step,B
mariah,B
itself,B
concept,A
consecutive,A
return,B
unknown,A
bottle,B
date,B
racial,B
qualifications,B
annual,B
respect,A
biotechnology,A
ah,B
medicine,B
commonly,B
customs,A
amazon,B
pepper,B
catalogue,A
pads,B
recording,A
mem,A
sent,B
surfing,A
came,B
vice,B
liability,A
attended,B
weeks,A
spy,A
pen,A
information,A
tunnel,B
balance,A
ba,B
holes,A
rap,A
discharge,A
decision,B
rec,A
martin,B
victorian,A
frontpage,A
subscription,B
proof,A
rated,A
accessories,A
flight,B
integrated,B
transparency,B
steve,A
habitat,A
dad,A
joined,B
drop,B
counted,A
gentle,B
dentists,B
columns,A
breathing,A
nhs,A
muslim,B
orleans,A
arising,A
nationally,B
look,B
spending,B
believes,B
wash,B
incentive,A
betting,A
elvis,A
devel,A
pursuit,A
mixture,A
toyota,B
parking,A
scenario,B
sword,A
format,B
solving,A
smoking,A
agree,A
philadelphia,B
policies,B
incredible,B
quickly,A
wt,B
criticism,A
exploring,A
bulgaria,B
government,B
intro,A
mason,A
metadata,B
position,B
is,B
refer,A
transsexual,A
realized,B
lion,B
polls,A
airfare,A
subscribers,A
struck,B
monitor,A
greater,A
economics,A
per,A
deemed,B
directed,B
premises,B
virtual,A
punch,A
earth,A
quotations,B
posts,A
rainbow,A
builders,B
angola,B
breath,B
plants,B
corporate,A
lance,A
resource,B
declaration,A
nine,B
mcdonald,B
sensitive,A
populations,A
xhtml,A
vpn,A
transferred,A
postings,B
feelings,B
car,A
des,A
cigarettes,B
assess,B
raleigh,A
concepts,B
revision,B
prix,B
charm,A
stop,B
newer,A
penguin,A
phi,A
bytes,A
crimes,B
extraction,B
stamp,A
stockings,A
rico,B
knowledge,A
amy,A
fatty,A
valves,B
emergency,A
sauce,A
agreement,A
ir,B
go,B
judge,A
pride,A
organizing,B
local,A
emacs,A
prompt,B
uganda,B
facts,A
decline,A
notes,A
kingston,B
locking,A
principle,A
geographic,B
carmen,B
competitive,A
leon,B
sir,A
emerging,B
killer,B
belarus,A
reseller,B
directions,B
bolt,B
exempt,B
amended,A
enables,A
noble,A
missile,A
definition,B
tn,B
provider,B
recreational,B
listprice,A
types,A
delays,B
grove,A
procedure,A
purposes,B
expired,A
smith,A
span,B
immunology,B
great,A
disposal,B
nil,A
phases,B
fi,B
ui,B
specification,A
claim,A
stake,A
sticks,B
european,B
portland,B
nevada,B
buzz,B
sony,B
troubleshooting,A
soul,B
proposed,B
blanket,A
bass,B
neighbor,B
consequence,A
fired,A
daddy,A
user,B
expiration,B
terrorist,A
slope,A
challenges,B
vol,A
ri,B
louise,B
hats,B
hostels,A
generally,A
wm,B
dealing,A
drugs,A
wv,B
reno,B
newfoundland,B
petite,B
carlo,A
divorce,A
favorite,B
times,A
skip,B
sim,A
zope,B
beginner,B
jane,B
account,A
emission,B
stewart,A
supplier,B
titles,B
tunisia,A
cashiers,B
writers,A
detailed,B
issues,B
amsterdam,A
roots,A
reasons,A
black,A
patients,B
replies,A
superb,B
physically,B
combined,B
back,B
brokers,A
uncle,A
showtimes,A
accessible,B
samoa,A
cookies,A
lol,A
satin,A
centre,B
using,A
crown,A
directive,A
render,B
prior,A
alter,A
geographical,B
democratic,B
fri,A
supervisor,B
suggest,A
stability,A
dale,B
simplified,B
bin,A
feat,B
nails,A
tmp,A
intense,A
forgot,B
occupation,B
replied,A
configured,B
beats,A
kay,A
moscow,B
conventional,B
throat,B
spend,A
deaf,B
copper,B
advantages,B
copyrighted,A
condo,A
plant,A
circuits,B
frog,B
prove,A
eden,B
novels,B
comic,A
immune,B
creator,A
dim,A
clerk,A
domain,B
ellis,A
burton,B
alignment,A
securely,B
patterns,B
significant,A
bradley,A
concentrations,B
copied,B
jelsoft,A
conscious,A
providence,B
agreements,B
extensive,A
reported,B
brown,A
clan,B
yoga,B
picked,B
comedy,B
paragraph,A
levy,B
listen,B
thin,B
quote,A
marijuana,A
would,A
gonna,A
seeing,B
css,A
cooking,A
expansion,A
resumes,A
cleaners,B
chrysler,B
shell,A
automated,A
filing,B
conferencing,B
je,B
descriptions,B
trusted,A
still,A
were,B
therapist,A
oz,B
install,A
overnight,A
restructuring,A
brick,A
cove,B
leather,A
terry,A
backup,B
saves,A
ix,B
stronger,B
terminals,A
grade,A
candidates,B
cookbook,B
glen,B
what,B
doc,A
recall,B
guests,B
deadly,B
mph,A
trackback,A
taxes,A
banner,B
underlying,B
theology,B
manga,A
pickup,B
courier,A
cite,B
focus,A
determination,A
death,A
mixing,B
gg,B
fathers,A
utilize,A
colleges,B
venezuela,A
mj,B
constitutional,B
jar,A
salem,A
justin,B
dm,B
gmbh,B
record,B
reasonably,B
por,A
behavioral,B
uploaded,B
specialists,A
strap,A
logo,B
avoiding,B
teaches,A
mentioned,A
delay,A
operating,A
expenditure,A
watts,A
illinois,B
safely,B
lynn,B
promotion,A
ps,B
surfaces,B
mpg,A
editions,B
cart,B
odd,A
intention,A
rom,A
reflection,B
functionality,A
park,B
reg,A
bk,B
strengths,A
october,A
tables,B
arthur,B
floyd,A
architecture,B
nokia,A
eric,B
x,A
controlled,B
regularly,A
postcard,B
apart,A
consensus,A
borough,A
programmer,B
phone,A
abu,A
zoning,B
arrangements,B
elections,A
rolling,A
boring,B
usage,A
disclosure,B
cam,A
ion,A
eval,B
maria,A
tb,B
chevrolet,A
employed,B
selections,B
situated,B
souls,A
neither,A
menu,B
filters,A
gently,B
jackie,B
greg,B
scenes,B
metro,A
color,A
cafe,B
say,A
wall,B
liable,B
arrest,B
coordinates,A
delete,B
characteristic,B
edge,B
push,B
year,B
learners,B
paperback,A
cheap,A
sized,A
found,A
chapel,B
sorts,A
highs,A
sequence,B
skiing,B
tracy,A
mars,B
pi,B
steady,B
brakes,B
hampton,A
why,A
corp,B
grams,A
diagram,A
truly,A
division,B
species,A
review,B
aka,A
reliability,A
visual,B
reduced,A
key,A
magazine,B
shape,A
alternatives,B
dialogue,B
outstanding,A
numerical,A
creature,B
releases,B
acdbentity,B
performed,A
science,A
mpeg,B
cosmetics,A
legislation,A
nail,B
minimize,B
kuwait,B
guilty,B
efficiency,B
combining,A
footwear,B
print,A
scope,A
heater,B
accreditation,A
correctly,A
radical,A
gathering,A
ram,A
secured,A
software,B
suffer,B
tx,B
filename,B
clusters,B
thumbnail,A
additions,A
looks,A
expedia,A
documentation,A
moral,A
arrival,A
military,B
startup,A
availability,B
registered,B
matching,B
isle,B
technique,A
induction,A
viewed,B
john,B
abstract,B
geology,A
kazakhstan,B
usually,A
muze,B
sympathy,B
campbell,B
theorem,A
cds,A
hindu,A
brooklyn,B
info,B
internet,B
pollution,A
italian,A
impressed,A
difference,B
provides,B
she,A
necessary,A
translator,B
bizrate,A
real,B
painful,A
excessive,A
mere,B
professionals,A
friend,B
chick,A
switching,A
hostel,B
freebsd,A
vernon,B
sensitivity,A
trio,B
supporters,B
bases,A
onto,B
storage,A
password,B
christopher,A
powers,B
influence,A
survive,A
lie,A
bbs,A
elizabeth,A
hospital,B
county,B
charts,B
indigenous,B
http,B
floor,A
se,B
princeton,A
spank,A
fraction,B
alt,A
sam,A
diane,A
sep,A
timber,B
treatments,B
particles,A
henry,A
citizen,A
boulder,A
organisation,B
madagascar,B
waves,A
equipment,A
civil,A
decisions,A
tabs,B
background,B
entrance,B
clearing,B
driver,B
taste,A
termination,A
merit,A
updating,B
rss,A
labeled,A
dance,A
ireland,A
portrait,B
oils,B
ill,A
artists,A
recognize,A
cage,B
laws,B
indicated,A
xi,B
water,A
hull,B
sql,A
icon,B
pontiac,A
anchor,B
it,B
charming,B
turkey,B
dis,A
resistance,B
make,B
lenders,A
traveller,A
adults,B
singing,A
dsc,A
triangle,B
giants,B
bo,B
sizes,A
sound,A
graduate,B
block,A
incoming,B
sorted,B
arrives,A
starsmerchant,A
fibre,A
rc,B
largely,A
minolta,A
aims,B
june,B
gross,A
comes,A
lake,B
cute,B
transexual,B
displays,B
married,A
error,A
engineers,A
comprehensive,A
ws,B
meaning,A
integration,A
vacuum,B
faith,A
brought,A
execution,A
serve,A
los,A
retreat,A
constitution,B
outside,A
prospective,A
however,A
reforms,A
vendor,B
concerned,A
bhutan,B
purchase,B
scientific,B
moore,A
griffin,A
tile,B
equivalent,B
celebs,B
monitored,A
removing,B
infringement,B
nn,B
tribe,A
newest,B
hh,B
star,B
connect,A
stat,B
house,A
yamaha,B
plains,B
lender,B
cylinder,B
councils,B
ve,B
george,B
appliance,A
democracy,A
ma,B
malpractice,A
bind,B
respond,A
creek,A
shaw,B
consultant,B
submit,B
intervention,B
deployment,B
tasks,A
supplements,A
physicians,B
wc,B
entities,B
televisions,A
distant,A
signup,B
ada,A
prophet,A
expensive,A
stylish,A
gabriel,A
advancement,A
brake,A
reporting,A
property,B
fg,B
pointing,B
colonial,B
stopped,A
washer,B
faqs,B
serbia,B
following,A
providing,A
demand,B
particularly,B
accurate,B
master,B
expressions,A
hunting,A
century,A
observed,B
oriented,B
weird,A
roster,B
several,A
tunes,A
commerce,B
measurements,B
ft,B
gold,B
voted,A
tablets,A
debate,B
falling,A
td,B
inline,B
tribal,B
considering,A
fig,A
translate,A
ons,A
attempt,A
sudden,B
kurt,B
variety,A
computer,B
widescreen,B
hearing,A
casino,B
rj,B
trained,A
mounting,B
physician,A
niagara,A
lg,B
posing,B
trails,B
towers,B
languages,A
mit,A
cp,B
driven,B
warehouse,A
withdrawal,B
edgar,A
dumb,B
average,A
cameroon,B
glory,A
variable,B
specials,B
community,A
toronto,A
developed,A
run,A
router,B
though,B
predicted,A
lesbians,B
forever,A
tyler,A
hungry,B
chemical,B
mails,A
hole,B
enemy,A
boxes,A
felt,B
rejected,B
java,B
graphical,A
disclaimer,B
agents,B
indicators,B
scanned,A
stable,B
jazz,B
classics,B
planners,B
wal,A
assembled,A
zambia,B
motivated,A
touring,A
again,A
annually,B
ka,B
manufacture,A
org,A
notification,B
developers,B
seas,B
yrs,A
wendy,A
generated,A
visibility,B
specified,A
courts,B
pub,A
roulette,B
action,B
leaf,B
speech,B
oc,B
presidential,B
aid,A
bike,B
observer,B
makeup,B
radiation,A
bonds,A
includes,B
spaces,B
achieve,A
giant,A
karaoke,A
voyuer,B
pat,A
vulnerability,A
bradford,B
pros,B
wit,A
freely,B
laos,B
microwave,A
cholesterol,A
insertion,A
white,A
coleman,A
rna,A
harrison,B
estonia,A
moisture,B
perspective,A
miami,A
fort,B
indexed,A
accredited,B
village,A
regulated,A
unto,B
gamecube,B
weighted,B
findarticles,B
fragrance,A
saving,B
lands,A
partnership,A
parade,B
refund,B
thomas,B
defines,A
most,B
espn,B
implications,B
vocals,B
originally,B
genres,B
soviet,B
flows,A
podcast,A
literary,B
ant,A
toll,B
violation,A
viewer,B
partially,A
carbon,B
utils,A
focuses,A
impacts,A
mitchell,B
andale,B
javascript,B
rally,A
levels,B
peter,A
spyware,A
distinct,B
telling,A
ev,B
andrew,B
forums,B
cuba,B
measured,B
dresses,A
hygiene,A
mozambique,B
beautifully,A
rehabilitation,B
auburn,B
filed,A
acid,B
wildlife,B
id,B
illustrated,A
cgi,A
ace,A
doll,B
next,B
mumbai,B
click,A
underwear,A
chargers,B
imagination,A
polished,B
excitement,B
sampling,B
rapid,A
cultures,B
atmosphere,B
gnome,A
until,A
tan,A
spoken,B
hollow,B
emperor,A
extract,A
leeds,A
beings,B
york,B
morning,A
brush,A
movements,A
birds,A
va,B
ross,B
nose,B
available,A
unsubscribe,A
apply,A
francisco,A
association,A
metres,B
predictions,A
stay,B
has,A
behalf,B
products,B
collins,A
rip,A
promptly,B
settle,B
carl,B
shadows,A
topics,B
harold,B
contribute,B
pcs,A
chicago,A
forwarding,B
bread,A
prince,B
openings,B
two,A
act,A
smallest,B
qualified,A
recipients,B
committed,A
sheep,A
created,A
companion,A
jacket,B
team,B
belly,A
enrollment,B
supposed,B
each,B
link,B
organizations,A
experts,A
invention,A
essential,A
greeting,B
devoted,A
poetry,B
over,B
catalyst,B
belfast,A
fool,B
kids,B
candidate,A
knit,B
informal,B
considered,B
depot,A
instrumental,B
risks,A
gt,B
think,A
former,B
reports,A
fotos,A
diploma,A
capability,B
resistant,A
rfc,A
netscape,B
super,A
warren,B
versions,B
margaret,B
inter,A
alarm,A
relay,A
september,A
refers,B
midi,B
nasdaq,B
membership,B
y,A
treatment,A
revenue,A
julian,B
college,A
acrobat,A
korean,B
alliance,B
crops,A
kent,B
melissa,A
demonstration,A
immigrants,B
jam,A
burner,B
hong,B
assets,B
target,B
constitutes,A
pond,B
portugal,B
mice,B
computational,A
architects,B
buildings,A
suburban,B
timothy,A
missing,A
mild,B
continually,A
regions,A
fantastic,A
feeling,A
designs,A
room,B
kings,A
argument,B
seeking,A
replacing,A
careers,A
sept,B
shooting,B
ridge,A
brunswick,A
strange,A
pirates,A
attractive,B
champagne,A
views,A
gazette,A
much,B
foreign,A
perry,A
lid,A
plane,A
semester,B
livestock,A
scheduling,B
agriculture,A
gradually,A
loving,B
katrina,A
department,B
links,A
nominated,A
embedded,B
toolbar,A
pair,B
mel,A
responsibility,B
groups,B
promoted,B
endif,A
pipes,A
reload,B
ncaa,B
couples,A
biblical,B
qty,A
rentals,A
tooth,A
mart,B
technician,B
budapest,B
fd,B
paid,B
magnet,B
algebra,A
wisconsin,A
tex,A
accepting,A
chat,B
ensures,A
commented,A
baghdad,A
typically,A
mia,A
satellite,A
valium,B
feed,B
sarah,A
aerospace,A
prevention,B
outlet,B
wrestling,A
sap,A
accident,B
boat,B
perceived,A
cooling,A
courses,A
potter,B
steal,A
posted,B
museums,A
dj,B
stars,A
equations,A
scotland,B
cb,B
palmer,B
ordinance,A
claire,B
binary,B
appearing,A
haven,A
everybody,A
one,A
alcohol,A
travelers,A
nurse,A
travels,A
burning,A
coaching,B
taxi,B
produced,B
exposed,A
em,B
cartoon,A
sonic,A
continues,A
huge,B
affiliate,A
writer,B
kernel,B
henderson,A
mothers,A
awareness,A
encryption,B
pad,A
chip,B
skill,A
drove,A
travel,B
king,B
gained,B
occasionally,B
thongs,B
broadcasting,B
religion,B
bend,B
interracial,A
indicates,A
bias,B
everywhere,B
madrid,B
mentor,B
bookings,B
bloomberg,A
fair,B
disabled,B
yugoslavia,B
designers,A
intend,B
flavor,B
dried,A
privacy,A
prairie,A
access,B
specially,A
stops,A
desire,B
jon,A
swedish,A
playlist,B
processes,A
louisiana,A
mechanical,B
endless,A
seed,B
welding,A
impose,B
ugly,B
keeps,A
enemies,A
preferences,A
somehow,A
could,A
combinations,B
burns,A
micro,A
woods,A
pet,A
enforcement,A
ballet,B
discrimination,B
atlanta,A
flights,A
delayed,A
az,B
ethnic,B
expand,B
vast,B
houses,B
sl,B
invite,B
wiley,A
height,B
revisions,A
insider,A
escape,B
characteristics,A
zoo,A
wheels,B
pens,B
cordless,B
moon,B
casa,B
eco,A
strategic,A
downloaded,B
apartments,B
adaptor,A
pearl,A
lotus,A
phoenix,A
wan,A
mic,A
contamination,A
dimensions,B
tricks,B
card,B
illustration,B
rule,B
tears,A
scout,A
tribes,B
anti,B
african,A
southwest,A
lawyer,B
holly,A
harper,B
payable,A
who,A
wonder,B
at,B
sao,A
acres,A
session,A
absolutely,B
style,A
sets,B
proprietary,A
additionally,B
application,A
porter,B
chelsea,A
dropped,A
comparative,A
parts,A
rack,B
andy,B
ballot,B
directory,A
organisms,A
vampire,A
occupational,B
hunt,B
pdt,A
min,A
alias,A
essays,B
agent,A
characterization,B
instructors,A
correct,A
confirm,A
exact,A
mortgage,B
exercises,A
volume,B
australia,A
films,A
pc,B
really,B
lighting,B
curve,A
insulin,A
allowed,A
categories,B
obtained,B
comfort,A
glass,A
bangladesh,B
plots,A
cliff,A
too,A
munich,B
dominant,B
appreciation,B
enhanced,B
metropolitan,B
albums,B
customized,B
supplemental,B
classified,B
io,B
awful,A
preview,A
within,B
findings,B
mill,B
nl,B
jacob,A
throw,A
lyrics,B
meals,A
task,B
upload,B
sometimes,A
paying,B
layer,A
motels,B
hammer,B
ted,A
people,B
ser,A
yarn,B
screen,B
deutsch,A
uzbekistan,B
provision,A
campaigns,A
locks,A
historic,B
nano,B
days,B
restrict,B
holiday,A
sharing,A
climate,A
further,A
gender,B
erik,B
fence,A
causing,A
listings,B
commentary,B
darkness,B
richard,A
marshall,B
separate,B
injury,B
emirates,B
emails,B
invalid,A
suit,B
equally,A
ten,A
bigger,B
but,A
display,A
header,B
environment,A
substitute,B
pockets,A
ppc,A
ease,B
bl,B
baltimore,A
give,B
philip,B
pee,A
excuse,B
locate,B
arbor,A
interior,B
suzuki,B
kitchen,A
processors,B
renewal,A
adapters,B
willow,B
asin,B
newcastle,A
possibility,A
coast,A
branches,B
ever,B
sold,B
larry,A
zus,A
wear,B
aware,A
causes,B
philippines,A
handbags,B
ate,A
sheffield,A
hydrocodone,A
basketball,B
sean,B
poison,B
generates,A
steering,B
groundwater,A
eat,A
intelligent,A
hartford,B
guitar,B
soil,B
mature,B
sale,B
moved,A
damaged,A
dom,A
newsletter,B
poet,B
cursor,B
excellent,A
merchant,B
learning,B
eds,A
evaluations,A
calculations,B
indian,B
doug,B
circulation,A
mitsubishi,B
thoughts,B
outputs,A
flow,B
advertiser,B
anatomy,A
ride,B
rouge,A
sitting,A
invasion,B
narrative,A
another,A
zum,A
scanning,B
nicole,B
colored,A
advised,A
beverage,B
lease,A
leonard,A
antenna,A
analysis,B
chemistry,A
pencil,B
miss,B
drunk,A
bc,B
dash,B
holocaust,A
shower,B
hometown,B
bufing,B
trail,A
mortality,A
lingerie,B
deals,A
attempts,B
mess,B
sure,B
thousands,A
consequences,B
distinction,A
tied,B
lower,A
ordering,B
enhancements,B
finish,B
blocking,B
carry,A
wars,B
ministries,B
positive,B
strengthening,A
disc,B
percent,A
design,B
recovery,B
samples,A
sally,A
gel,A
brutal,B
seems,A
affects,A
service,A
lifestyle,A
inns,B
blast,A
unix,B
quit,B
both,B
trigger,A
lithuania,A
artificial,B
boundary,B
cover,A
arthritis,A
sells,A
workplace,A
friendship,B
es,B
petroleum,A
administration,B
milan,A
andrews,A
looking,A
howard,B
tue,A
wisdom,B
namibia,A
thirty,B
does,B
numeric,A
fax,A
diagnosis,A
statements,B
retailer,B
war,A
protective,B
fan,A
top,A
disabilities,B
victoria,B
curves,B
rooms,A
edward,B
jordan,B
demanding,A
mc,B
tokyo,A
million,A
specify,A
also,B
requires,B
court,A
bernard,A
teachers,B
alexandria,B
dana,B
euros,A
sw,B
liberty,A
nashville,A
specifications,B
ownership,A
formation,A
purchasing,B
attractions,A
pipe,B
producer,B
nikon,A
annotated,A
lp,B
hz,B
notified,B
hire,B
representation,B
tea,A
reel,B
maintenance,A
paint,A
travis,B
necessarily,A
airport,A
hear,B
infected,B
profiles,B
gdp,A
memory,B
praise,B
wing,B
won,A
locally,A
whats,A
regular,A
rocky,A
integer,A
mercedes,B
malaysia,B
whatever,B
number,B
unwrap,B
meditation,B
towards,A
revolutionary,A
cow,A
fingers,A
skins,A
distributions,A
respective,B
resident,B
visit,A
any,A
lodging,A
wings,A
trade,A
medicare,B
hilton,B
western,A
package,A
accessing,A
important,A
noon,B
borders,A
rail,B
millennium,B
hopefully,A
agenda,B
vg,B
deer,B
acm,A
works,A
senior,B
likes,A
submission,B
exercise,B
treasure,B
cemetery,B
gordon,B
safe,B
no,B
seekers,A
ati,A
alphabetical,B
ye,B
proved,B
analog,B
topic,A
shannon,A
stephen,A
perl,B
quiz,B
delivered,A
evidence,B
pricing,A
stones,B
ecology,A
wheel,A
fact,B
loud,B
forces,B
cd,B
archives,B
cases,A
folders,A
sustained,A
focused,A
extending,A
packages,B
loaded,B
twin,B
seminar,A
responses,A
humans,B
sp,B
marble,B
cakes,A
dc,B
lucia,A
cotton,B
hispanic,B
assuming,B
infinite,B
registry,B
fake,B
chem,B
su,B
parents,A
porsche,A
circumstances,A
methods,A
machinery,A
stickers,B
human,A
heating,A
stan,B
knowledgestorm,B
programmes,B
papua,A
years,A
wikipedia,A
concentration,A
assessments,A
lose,B
clay,B
inexpensive,A
selling,A
enters,B
blackjack,A
steps,A
billing,A
offer,A
voting,B
rose,B
suspended,A
magazines,A
astrology,A
eligible,B
vermont,A
detail,B
invision,B
comparable,B
motivation,B
charms,B
previews,B
joyce,A
and,A
queens,B
bali,B
collapse,B
standard,B
entries,A
dated,A
rochester,A
bother,B
roger,A
vehicle,A
performing,B
beth,B
creating,B
locator,A
income,B
remained,B
folk,B
syndication,A
fears,A
copyrights,B
traveling,A
swim,B
media,A
lessons,A
madison,A
strictly,B
blank,A
rio,A
republic,B
flyer,A
hub,A
outdoors,B
scared,B
concerning,B
celtic,B
walks,A
proceeds,B
reliable,B
mv,B
controllers,A
inspection,B
female,B
frequency,A
tip,A
velocity,B
accommodate,A
trembl,B
cinema,B
prohibited,B
apache,B
chest,A
enlargement,A
twist,A
hash,B
applications,B
chambers,B
unified,A
tribune,A
apr,A
offline,A
manually,B
blah,B
features,B
minerals,B
skirt,A
specialist,B
handhelds,A
spirituality,B
inquiry,A
vhs,A
videos,B
finally,A
whereas,A
front,A
documents,A
approve,A
chrome,B
intl,B
thy,A
asp,A
thick,A
january,A
paxil,A
bus,A
attachments,A
killing,A
an,B
discipline,B
fantasy,A
athletics,A
bronze,B
socks,A
yesterday,A
worry,A
nutritional,A
news,B
include,A
verizon,A
chubby,B
templates,A
fw,B
elements,B
invited,A
rl,B
byte,B
optimization,B
wi,B
resolution,B
dish,B
necklace,B
tells,A
warranties,B
tent,B
communication,A
pts,A
ids,A
project,A
debut,A
manufacturer,B
meta,B
learned,A
au,B
defend,B
fujitsu,A
queue,A
dancing,A
uw,B
enormous,B
sum,A
fiber,A
warming,A
p,A
fault,A
camps,A
deal,B
requirement,A
says,B
benz,B
police,B
recruiting,B
hungarian,A
pod,A
consumption,A
potential,A
commissioner,B
atmospheric,A
il,B
mysimon,A
chan,B
may,A
nationwide,B
str,A
alex,B
network,A
rock,B
ww,B
respiratory,A
sender,B
juan,B
branch,B
president,A
articles,B
vote,B
based,A
sofa,B
refined,A
jesus,A
menus,A
tackle,B
messages,B
da,B
reporter,B
aging,A
pairs,A
tremendous,B
bless,A
bs,B
welcome,A
rely,B
mr,B
contains,B
e,A
obj,A
jean,B
partners,B
blend,A
suddenly,B
firms,A
descending,B
significantly,A
kenya,A
experience,B
monster,A
opponent,B
urge,B
out,A
vocational,B
platinum,B
kelly,A
array,A
delicious,A
called,B
tend,B
explained,A
mambo,A
selected,B
chapter,A
administrator,A
bryan,A
casinos,A
capital,A
creations,A
tags,B
points,B
diagnostic,B
adventure,A
ancient,A
sf,B
hundreds,B
pot,A
caution,A
senegal,A
rug,A
raid,B
uc,B
gate,B
settled,A
ctrl,B
myanmar,A
photo,A
seller,B
voltage,A
security,B
fraud,A
relief,B
acre,B
speaks,B
repeat,B
wb,B
talent,B
nh,B
finance,A
ntsc,B
individuals,A
definitions,A
marathon,B
society,A
kinase,B
general,A
toolbox,A
developments,B
addition,B
happens,A
especially,B
guardian,B
enterprise,B
being,A
covering,B
varieties,A
football,B
moderate,B
meaningful,B
italia,B
kitty,A
roland,B
pubmed,B
accidents,A
mainly,B
warnings,B
nursing,A
cincinnati,B
hills,A
meeting,A
assumes,A
guides,B
funding,A
nut,A
demonstrated,B
reproduced,B
related,A
semiconductor,A
guyana,B
transfers,A
rogers,B
potato,B
executives,B
wu,B
poly,B
regime,B
genuine,A
pathology,A
islamic,A
jpeg,B
coordinated,A
foot,B
lab,A
prize,A
shorter,A
owen,B
lamb,B
mf,B
adds,B
explorer,B
peru,B
flip,B
institute,A
week,B
backed,B
rebel,A
debt,B
cell,B
seriously,A
proceedings,A
none,B
evaluation,B
grande,B
surrounded,B
courage,A
copy,B
accounting,B
headphones,B
teams,A
bookmark,B
ne,B
only,B
operator,B
while,A
webmasters,B
finals,B
maryland,B
corners,A
presentation,B
sociology,A
gp,B
nature,B
vehicles,B
stylus,B
uni,A
corrections,A
literacy,B
visits,B
patrol,B
pine,B
chosen,B
argentina,A
note,B
psp,A
cc,B
saw,A
type,B
compliance,B
superintendent,B
apartment,A
clarity,A
covers,B
witnesses,A
eastern,A
containing,B
drivers,A
switches,B
blame,A
planet,B
appraisal,A
waste,A
beautiful,A
manor,A
will,B
safari,B
headquarters,B
setup,A
restriction,A
crisis,B
gets,B
worldwide,A
fc,B
skilled,A
somebody,B
circle,B
allocated,A
specifics,A
counsel,A
model,A
horizontal,B
soc,A
mil,A
crazy,A
effectively,A
sophisticated,A
plain,A
bits,B
recordings,B
mailto,B
bald,B
cosmetic,B
macintosh,A
verde,A
interpretation,B
photography,A
benchmark,A
tourism,A
palestinian,A
denial,B
slide,A
non,A
strand,B
ultimate,B
breeding,B
mutual,B
sector,B
signal,B
ways,B
facial,B
christine,A
spelling,B
situation,A
reconstruction,B
inclusion,A
dangerous,A
interview,A
cancel,B
nice,B
wrong,A
choir,A
introductory,B
to,B
jersey,B
often,A
shelf,A
boolean,A
czech,A
sporting,B
employment,B
boulevard,A
pst,A
scored,B
unions,B
initiated,A
pocket,B
genes,A
lately,B
scoring,A
pray,B
stats,A
when,B
palace,B
prefer,B
sail,B
isolation,A
program,A
anniversary,A
iowa,B
ocean,A
potentially,A
unity,A
ian,A
writings,B
saddam,B
centers,A
shock,A
vegetables,B
confusion,A
improve,A
highland,B
passport,B
stereo,B
labor,A
vital,A
sending,A
html,B
civilian,B
tests,A
zdnet,A
independently,A
old,A
lt,B
personally,B
shanghai,B
blake,A
webcam,B
shoes,A
believe,A
teens,A
bathrooms,A
transmit,B
microphone,B
lime,B
hb,B
bookstore,A
winds,A
ratings,A
hand,B
alleged,A
consequently,B
nearly,B
organizational,B
academy,A
easily,B
contract,B
halloween,A
democrat,B
laid,B
simpsons,B
overview,B
grace,A
specifically,B
sm,B
cologne,A
notion,B
cartridges,B
jamie,A
blackberry,B
processor,A
players,A
battery,A
conflict,B
workout,A
businesses,B
anthropology,B
reviewer,B
cork,B
www,A
issued,B
pope,B
secrets,A
charges,A
computed,B
planning,B
talk,B
collectible,A
drug,B
colleague,A
classification,B
santa,A
nato,B
face,B
cio,A
trust,A
domains,A
taxation,B
sensors,A
est,A
response,B
hit,A
hyundai,A
furniture,A
statement,A
baseline,B